"syndrome","n","shape","fb2_measured","calibrated","fb2_clinical_1","fb2_clinical_3","fb2_clinical_1+cal","fb2_clinical_3+cal"
"Non-syndromic",2365,0.99661733615222,0.99830866807611,0.991966173361522,0.99661733615222,0.99661733615222,0.991966173361522,0.991966173361522
"Marfan Syndrome",134,0.708955223880597,0.597014925373134,0.738805970149254,0.813432835820896,0.940298507462687,0.783582089552239,0.917910447761194
"Ehlers-Danlos Syndrome",112,0.6875,0.732142857142857,0.455357142857143,0.892857142857143,0.982142857142857,0.803571428571429,0.982142857142857
"Turner Syndrome",106,0.735849056603774,0.547169811320755,0.679245283018868,0.80188679245283,0.933962264150943,0.811320754716981,0.933962264150943
"CHARGE Syndrome",96,0.65625,0.5625,0.65625,0.739583333333333,0.864583333333333,0.71875,0.864583333333333
"Neurofibromatosis",83,0.518072289156627,0.385542168674699,0.481927710843373,0.783132530120482,0.963855421686747,0.734939759036145,0.951807228915663
"Down Syndrome",80,0.9125,0.825,0.9,0.95,0.975,0.95,0.9625
"Cleft Lip/Palate",72,0.611111111111111,0.486111111111111,0.597222222222222,0.611111111111111,0.611111111111111,0.597222222222222,0.597222222222222
"Loeys-Dietz Syndrome",71,0.408450704225352,0.436619718309859,0.436619718309859,0.605633802816901,0.887323943661972,0.591549295774648,0.887323943661972
"22q11.2 Deletion Syndrome",66,0.515151515151515,0.46969696969697,0.439393939393939,0.757575757575758,0.93939393939394,0.681818181818182,0.924242424242424
"Williams-Beuren Syndrome",65,0.769230769230769,0.769230769230769,0.784615384615385,0.830769230769231,0.938461538461538,0.861538461538462,0.938461538461538
"Cri du Chat",63,0.698412698412698,0.634920634920635,0.698412698412698,0.73015873015873,0.80952380952381,0.73015873015873,0.80952380952381
"Noonan Syndrome",61,0.622950819672131,0.672131147540984,0.540983606557377,0.80327868852459,0.918032786885246,0.786885245901639,0.901639344262295
"Cornelia De Lange Syndrome",58,0.655172413793103,0.672413793103448,0.620689655172414,0.741379310344828,0.827586206896552,0.689655172413793,0.862068965517241
"Achondroplasia",57,0.842105263157895,0.771929824561403,0.824561403508772,0.859649122807018,0.964912280701754,0.842105263157895,0.982456140350877
"Crouzon Syndrome",52,0.711538461538462,0.692307692307692,0.711538461538462,0.730769230769231,0.788461538461538,0.75,0.807692307692308
"Mucopolysaccharidosis",52,0.653846153846154,0.673076923076923,0.692307692307692,0.826923076923077,0.961538461538462,0.826923076923077,0.961538461538462
"Rett Syndrome",52,0.365384615384615,0.326923076923077,0.423076923076923,0.634615384615385,0.884615384615385,0.634615384615385,0.903846153846154
"Phelan McDermid Syndrome",51,0.568627450980392,0.470588235294118,0.529411764705882,0.764705882352941,0.862745098039216,0.725490196078431,0.843137254901961
"Cockayne Syndrome",49,0.877551020408163,0.836734693877551,0.877551020408163,0.877551020408163,0.918367346938776,0.877551020408163,0.918367346938776
"Jacobsen Syndrome",47,0.48936170212766,0.446808510638298,0.48936170212766,0.531914893617021,0.723404255319149,0.531914893617021,0.702127659574468
"Joubert Syndrome",47,0.51063829787234,0.48936170212766,0.553191489361702,0.74468085106383,0.872340425531915,0.74468085106383,0.893617021276596
"Klinefelter Syndrome",44,0.5,0.454545454545455,0.545454545454545,0.5,0.5,0.545454545454545,0.545454545454545
"Goldenhar Syndrome",42,0.380952380952381,0.357142857142857,0.380952380952381,0.476190476190476,0.642857142857143,0.452380952380952,0.642857142857143
"Costello Syndrome",39,0.743589743589744,0.666666666666667,0.743589743589744,0.794871794871795,0.897435897435897,0.846153846153846,0.871794871794872
"Treacher Collins Syndrome",39,0.769230769230769,0.794871794871795,0.794871794871795,0.794871794871795,0.82051282051282,0.794871794871795,0.82051282051282
"Cardiofaciocutaneous Syndrome",38,0.763157894736842,0.736842105263158,0.763157894736842,0.789473684210526,0.973684210526316,0.842105263157895,0.973684210526316
"Sotos Syndrome",37,0.72972972972973,0.783783783783784,0.756756756756757,0.864864864864865,0.918918918918919,0.864864864864865,0.918918918918919
"Wolf-Hirschhorn Syndrome",36,0.666666666666667,0.638888888888889,0.694444444444444,0.722222222222222,0.777777777777778,0.722222222222222,0.777777777777778
"X-Linked Hypohidrotic Ectodermal Dysplasia",36,0.75,0.75,0.75,0.833333333333333,0.944444444444444,0.805555555555556,0.944444444444444
"Kabuki Syndrome",35,0.542857142857143,0.6,0.485714285714286,0.657142857142857,0.771428571428571,0.685714285714286,0.828571428571429
"Apert Syndrome",34,0.764705882352941,0.764705882352941,0.764705882352941,0.764705882352941,0.794117647058823,0.764705882352941,0.794117647058823
"Osteogenesis Imperfecta",34,0.411764705882353,0.382352941176471,0.382352941176471,0.61764705882353,0.823529411764706,0.588235294117647,0.794117647058823
"Pierre Robin Sequence",33,0.242424242424242,0.242424242424242,0.212121212121212,0.393939393939394,0.696969696969697,0.363636363636364,0.696969696969697
"Stickler Syndrome",32,0.40625,0.40625,0.40625,0.65625,0.90625,0.625,0.875
"Inflammatory Arthritis",29,0.413793103448276,0.413793103448276,0.482758620689655,0.413793103448276,0.413793103448276,0.482758620689655,0.482758620689655
"Prader-Willi Syndrome",29,0.551724137931034,0.517241379310345,0.655172413793103,0.793103448275862,0.96551724137931,0.827586206896552,0.96551724137931
"Cohen Syndrome",27,0.666666666666667,0.666666666666667,0.666666666666667,0.777777777777778,0.814814814814815,0.777777777777778,0.814814814814815
"Pitt-Hopkins Syndrome",27,0.703703703703704,0.666666666666667,0.666666666666667,0.851851851851852,0.888888888888889,0.814814814814815,0.925925925925926
"Pseudoachondroplasia",25,0.64,0.48,0.6,0.64,0.68,0.6,0.64
"Russell Silver Syndrome",25,0.6,0.64,0.68,0.76,0.88,0.76,0.88
"Fragile X Syndrome",24,0.291666666666667,0.166666666666667,0.25,0.416666666666667,0.708333333333333,0.375,0.708333333333333
"Smith-Lemli-Opitz Syndrome",24,0.458333333333333,0.375,0.416666666666667,0.583333333333333,0.791666666666667,0.583333333333333,0.833333333333333
"Hypophosphatasia",23,0.260869565217391,0.173913043478261,0.217391304347826,0.521739130434783,0.869565217391304,0.478260869565217,0.739130434782609
"Moebius Syndrome",23,0.130434782608696,0.130434782608696,0.130434782608696,0.304347826086957,0.608695652173913,0.304347826086957,0.652173913043478
"Trisomy 18",23,0.782608695652174,0.652173913043478,0.739130434782609,0.91304347826087,0.956521739130435,0.91304347826087,0.956521739130435
"1p36 Deletion",19,0.263157894736842,0.31578947368421,0.368421052631579,0.31578947368421,0.578947368421053,0.473684210526316,0.631578947368421
"Muenke Syndrome",19,0.631578947368421,0.631578947368421,0.631578947368421,0.631578947368421,0.789473684210526,0.789473684210526,0.789473684210526
"Rhizomelic Chondrodysplasia Punctata",19,0.526315789473684,0.526315789473684,0.526315789473684,0.578947368421053,0.631578947368421,0.578947368421053,0.631578947368421
"Coffin-Siris Syndrome",18,0.388888888888889,0.5,0.388888888888889,0.5,0.5,0.444444444444444,0.555555555555556
"Ectodermal Dysplasia",18,0.166666666666667,0.166666666666667,0.166666666666667,0.166666666666667,0.166666666666667,0.166666666666667,0.166666666666667
"Spondyloepiphyseal Dysplasia",18,0.222222222222222,0.111111111111111,0.111111111111111,0.388888888888889,0.777777777777778,0.277777777777778,0.777777777777778
"Tetrasomy 18p",18,0.444444444444444,0.5,0.444444444444444,0.611111111111111,0.777777777777778,0.611111111111111,0.777777777777778
"Craniofrontonasal Dysplasia",17,0.88235294117647,0.88235294117647,0.88235294117647,0.88235294117647,0.941176470588235,0.88235294117647,0.941176470588235
"Rubinstein-Taybi Syndrome",17,0.411764705882353,0.470588235294118,0.470588235294118,0.470588235294118,0.588235294117647,0.470588235294118,0.588235294117647
"Beckwith-Weidemann Syndrome",16,0.1875,0.1875,0.125,0.4375,0.75,0.4375,0.75
"Coffin-Lowry Syndrome",16,0.5,0.5625,0.625,0.6875,0.875,0.6875,0.875
"Pallister-Killian Syndrome",16,0.625,0.625,0.625,0.6875,0.8125,0.75,0.8125
"Smith-Magenis Syndrome",16,0.4375,0.4375,0.4375,0.5,0.625,0.5,0.6875
"Van der Woude Syndrome",16,0.5625,0.5625,0.5625,0.5625,0.5625,0.5625,0.5625
"Connective Tissue Disorder",15,0,0,0,0,0,0,0
"Fetal Alcohol Syndrome",15,0.0666666666666667,0.133333333333333,0.0666666666666667,0.6,0.866666666666667,0.533333333333333,0.733333333333333
"Early Infantile Epileptic Encephalopathy",14,0.0714285714285714,0.0714285714285714,0.0714285714285714,0.0714285714285714,0.0714285714285714,0.0714285714285714,0.0714285714285714
"Branchiootorenal Syndrome",13,0,0,0,0.0769230769230769,0.538461538461538,0.153846153846154,0.538461538461538
"Craniosynostosis",13,0.384615384615385,0.461538461538462,0.461538461538462,0.384615384615385,0.384615384615385,0.461538461538462,0.461538461538462
"Hemifacial Microsomia",13,0.0769230769230769,0,0,0.0769230769230769,0.0769230769230769,0.0769230769230769,0.0769230769230769
"Bardet-Biedl Syndrome",12,0.166666666666667,0.0833333333333333,0.166666666666667,0.333333333333333,0.75,0.333333333333333,0.666666666666667
"Ectrodactyly-Ectodermal Dysplasia-Cleft Lip/Palate",12,0.333333333333333,0.333333333333333,0.333333333333333,0.5,0.583333333333333,0.5,0.583333333333333
"Nager Syndrome",12,0.5,0.583333333333333,0.583333333333333,0.583333333333333,0.583333333333333,0.583333333333333,0.583333333333333
"Pfeiffer Syndrome",12,0.416666666666667,0.416666666666667,0.416666666666667,0.416666666666667,0.5,0.416666666666667,0.5
"Angelman Syndrome",11,0.181818181818182,0.272727272727273,0.272727272727273,0.272727272727273,0.636363636363636,0.272727272727273,0.636363636363636
"Goltz Syndrome",11,0.363636363636364,0.363636363636364,0.363636363636364,0.363636363636364,0.363636363636364,0.363636363636364,0.454545454545455
"Zellweger Syndrome",11,0.0909090909090909,0.0909090909090909,0.0909090909090909,0.181818181818182,0.545454545454545,0.181818181818182,0.454545454545455
"18p Deletion",10,0.2,0.3,0.2,0.2,0.5,0.3,0.5
"Autism Spectrum Disorder",10,0,0,0,0,0,0,0
"Septo-Optic Dysplasia",10,0.1,0.1,0.1,0.1,0.5,0.2,0.5
"XXYY",10,0,0,0,0,0.1,0,0.1
"Saethre-Chotzen Syndrome",9,0.333333333333333,0.333333333333333,0.333333333333333,0.333333333333333,0.333333333333333,0.333333333333333,0.333333333333333
